Estimated Visits,Domain,Traffic share,Change,Global Rank,Avg. Visit Duration,Pages / Visit,Bounce Rate,AdSense
Estimated Visits,Domain,Traffic share,Change,Global Rank,Avg. Visit Duration,Pages / Visit,Bounce Rate,AdSense
1123640,scikit-learn.org,0.024843193%,17.85%,"35,961",00:05:51,3.19,50.50%,
1123640,scikit-learn.org,0.024843193%,17.85%,"35,961",00:05:51,3.19,50.50%,
685898,learningcatalytics.com,0.024065498%,19.08%,"47,231",00:07:52,4.59,16.59%,
1349093,wesleyan.edu,0.023897552%,-5.89%,"20,694",00:02:43,2.85,47.93%,
932345,greenville.k12.sc.us,0.023889665%,-23.67%,"20,788",00:02:35,2.68,39.48%,
581601,mylunchmoney.com,0.023565494%,-20.73%,"27,717",00:04:32,8.23,10.44%,
639906,sproutonline.com,0.023518327%,-6.98%,"29,360",00:12:39,10.25,26.62%,
752131,arcademics.com,0.023385589%,12.96%,"41,099",00:06:50,5.20,33.01%,Yes
763527,ccc.edu,0.023335304%,-0.93%,"33,831",00:03:49,3.44,47.88%,
2459606,umkc.edu,0.023236859%,4.84%,"13,366",00:02:52,2.54,47.92%,
2232253,unlv.edu,0.023058139%,2.51%,"11,534",00:02:42,3.42,47.25%,
1079690,getty.edu,0.022967150%,3.75%,"29,429",00:02:59,3.61,49.58%,
579761,staffmeup.com,0.022564917%,-2.50%,"45,380",00:04:34,5.19,37.91%,Yes
Estimated Visits,du.edu,0.022551393%,8.91%,16,753,00:02:51,3.14,47.54%,
568865,zinch.com,0.022206880%,0.18%,"42,374",00:05:56,5.49,38.12%,
3538958,fullsail.edu,0.022085340%,1.39%,"8,228",00:03:57,4.22,44.27%,
652949,iste.org,0.021802154%,-5.29%,"48,461",00:02:51,3.16,49.74%,
538406,myonlinelogin.com,0.021759495%,-12.22%,"34,438",00:09:43,10.97,6.58%,
577265,mylexia.com,0.021710516%,20.25%,"38,057",00:07:44,9.74,15.39%,
554777,driversed.com,0.021618460%,5.89%,"49,111",00:09:56,4.91,36.54%,
1643650,memphis.edu,0.021186165%,9.00%,"16,013",00:03:32,3.37,47.92%,
530180,ihsa.org,0.021151637%,91.48%,"71,080",00:04:55,7.34,24.17%,
2098543,unr.edu,0.021143599%,15.62%,"15,027",00:02:58,3.29,49.74%,
560264,creativecircle.com,0.020956507%,10.81%,"55,015",00:03:42,3.87,34.13%,
582611,startuphire.com,0.020955282%,6.90%,"52,082",00:02:52,4.18,49.10%,Yes
528121,biguniverse.com,0.020721939%,2.65%,"29,598",00:09:42,16.23,11.19%,
508353,careers.lowes.com,0.020488603%,-13.74%,"44,495",00:03:43,4.43,10.97%,
702981,jblearning.com,0.020444468%,-0.43%,"30,967",00:02:36,3.01,48.99%,
4210510,suny.edu,0.019058335%,19.19%,"4,448",00:06:49,4.61,37.68%,
851327,manhattangmat.com,0.018953844%,20.01%,"26,218",00:11:55,15.44,50.17%,
520212,wsfcs.k12.nc.us,0.018949772%,3.89%,"54,828",00:02:46,3.24,50.55%,
894769,ccsf.edu,0.018890388%,4.79%,"25,323",00:03:58,4.57,43.63%,
1856026,careers.accenture.com,0.018754253%,-4.00%,"15,773",00:05:32,7.65,27.16%,
Estimated Visits,npsd.k12.wi.us,0.018744718%,-20.00%,39,125,00:01:32,1.02,66.48%,
468184,careers.walgreens.com,0.018170394%,-15.31%,"48,441",00:04:40,4.67,19.55%,
737645,jobs.af,0.018162427%,-25.76%,"36,461",00:06:41,3.10,37.99%,Yes
450192,realestateexpress.com,0.018062984%,7.98%,"30,425",00:15:52,21.04,44.08%,
767164,att.jobs,0.017927270%,-5.85%,"30,343",00:02:37,3.24,37.22%,
454330,loudoun.k12.va.us,0.017810211%,0.46%,"58,023",00:02:46,4.19,38.94%,
453313,ged.com,0.017703361%,-12.32%,"45,577",00:06:50,6.07,25.55%,
951134,idrivesafely.com,0.017689083%,7.83%,"18,571",00:23:47,23.61,28.12%,
679205,krop.com,0.017386985%,3.38%,"40,106",00:02:50,6.16,42.32%,
1541781,bucknell.edu,0.017288748%,10.68%,"23,893",00:03:40,3.31,47.49%,
829734,jobs.jnj.com,0.017180955%,-4.04%,"35,985",00:03:42,5.20,38.16%,
446776,careers.boozallen.com,0.016908739%,7.87%,"64,286",00:03:33,5.51,49.34%,
642994,davis.k12.ut.us,0.016825260%,-8.94%,"37,262",00:02:46,3.24,44.60%,
449546,unigo.com,0.016303204%,0.99%,"54,575",00:04:58,4.96,48.51%,
899980,emerson.edu,0.016300496%,16.11%,"37,412",00:02:33,2.81,48.88%,
954978,careers.jpmorgan.com,0.016272722%,38.51%,"41,401",00:03:39,4.06,32.89%,
397197,funrun.com,0.015994730%,5.49%,"47,214",00:06:51,12.21,25.23%,
1262935,teamworkonline.com,0.015962022%,1.11%,"22,250",00:03:50,3.18,34.67%,Yes
1596023,efinancialcareers.com,0.015515301%,-0.82%,"23,583",00:03:42,7.15,15.40%,Yes
385403,testeachersonline.com,0.015484302%,5.89%,"58,992",00:12:43,8.24,17.67%,
459894,zondle.com,0.015151840%,34.76%,"71,770",00:08:34,6.20,12.63%,
Estimated Visits,prenhall.com,0.015147702%,8.68%,11,767,00:00:52,1.37,81.84%,
521806,plymouth.edu,0.014718439%,10.98%,"55,207",00:06:52,5.83,45.47%,
974376,wes.org,0.014704538%,0.55%,"24,444",00:06:49,9.38,22.45%,
456630,goanimate4schools.com,0.014682921%,36.79%,"70,764",00:07:50,6.48,23.32%,
359271,yadkin.k12.nc.us,0.014549514%,7.72%,"59,973",00:03:31,5.99,44.47%,
360435,local.sears.com,0.014455379%,38.98%,"78,390",00:03:37,5.63,26.18%,
422976,infohio.org,0.014407567%,22.83%,"69,696",00:03:32,3.47,18.50%,
353661,dailyfitlog.com,0.014392982%,82.23%,"101,230",00:03:49,5.41,11.43%,
406838,mathworksheetsland.com,0.014318928%,2.61%,"44,675",00:02:38,6.98,35.51%,Yes
1158213,bentley.edu,0.014234499%,4.19%,"26,060",00:02:34,2.99,47.65%,
441961,saic.edu,0.014155133%,12.67%,"68,691",00:03:40,3.85,44.12%,
555257,ciee.org,0.013997669%,-10.59%,"49,295",00:04:42,4.37,37.79%,
356893,ptcfast.com,0.013965472%,105.89%,"95,852",00:05:34,8.81,21.84%,
632143,ncat.edu,0.013942470%,-0.51%,"36,476",00:03:33,3.35,43.57%,
896298,spsu.edu,0.013892013%,23.85%,"42,439",00:02:58,3.09,49.10%,
352373,townsendpress.net,0.013838354%,-17.65%,"37,814",00:19:35,15.88,7.23%,
348134,myskillstutor.com,0.013834437%,-23.39%,"50,643",00:15:32,7.32,13.10%,
407386,fun4thebrain.com,0.013687156%,-14.07%,"60,261",00:04:51,3.34,43.93%,Yes
459978,nccu.edu,0.013570183%,-14.15%,"57,021",00:03:43,2.77,44.14%,
334465,publicschoolworks.com,0.013448564%,-13.64%,"26,005",00:12:39,33.38,12.21%,
493583,jobs.problogger.net,0.013157166%,-0.47%,"62,931",00:02:58,3.20,48.98%,Yes
445780,jobs.nike.com,0.013097369%,-14.36%,"57,095",00:02:48,4.28,35.62%,
929250,tntech.edu,0.013001460%,14.23%,"34,032",00:02:52,2.55,50.67%,
3854457,dajie.com,0.012975854%,-7.15%,"6,249",00:04:39,4.66,48.63%,
Estimated Visits,jobs.citi.com,0.012967749%,-9.09%,72,179,00:02:11,2.55,60.02%,
681267,pacific.edu,0.012954811%,4.17%,"44,198",00:02:50,3.43,48.90%,
658296,uclaextension.edu,0.012835272%,-9.82%,"42,575",00:03:46,5.47,41.06%,
321715,careers.verizon.com,0.012642119%,-22.50%,"61,844",00:13:42,6.15,17.41%,
311963,jobs.myflorida.com,0.012500549%,-9.31%,"52,223",00:06:54,9.44,33.01%,
309406,utcssa.net,0.012450759%,8.82%,"82,084",00:03:35,4.05,45.97%,
1366580,alljobs.co.il,0.012442146%,-10.59%,"18,353",00:07:38,5.69,21.98%,
1247562,jobmaster.co.il,0.012174409%,-11.70%,"14,089",00:08:56,12.12,25.14%,
526299,cfnc.org,0.012014669%,8.00%,"39,742",00:03:37,4.81,20.86%,
1238393,clarkson.edu,0.011990240%,26.61%,"26,550",00:02:36,2.82,50.31%,
376157,workingus.com,0.011959615%,-6.44%,"58,014",00:05:53,6.49,34.62%,Yes
364010,gleim.com,0.011950314%,6.60%,"38,610",00:20:53,26.04,25.53%,
297378,frontrush.com,0.011873936%,-3.15%,"59,142",00:07:53,9.33,43.85%,
343647,fossweb.com,0.011844218%,1.54%,"58,521",00:06:50,8.57,27.90%,
296791,manpower.us,0.011589379%,-6.27%,"79,347",00:03:48,4.07,25.43%,
818830,belmont.edu,0.011470588%,28.62%,"43,231",00:02:56,3.92,48.10%,
290004,collegecentral.com,0.011383604%,-11.35%,"79,116",00:02:50,3.56,34.79%,
704776,englishforeveryone.org,0.011370903%,-11.35%,"39,416",00:02:54,3.54,37.86%,Yes
379141,hvcc.edu,0.011368910%,-15.03%,"38,464",00:03:43,3.36,37.25%,
279980,jobcenterofwisconsin.com,0.011302335%,3.12%,"58,050",00:10:34,12.58,13.67%,
Estimated Visits,uchospitals.edu,0.011296635%,21.48%,57,827,00:02:16,2.19,64.91%,
328523,codehs.com,0.011225847%,23.24%,"71,235",00:13:52,11.85,28.37%,
692531,jefferson.edu,0.011130583%,17.70%,"46,704",00:02:42,3.89,39.68%,
733388,bradley.edu,0.011033460%,17.37%,"44,942",00:02:48,3.20,45.17%,
361038,famu.edu,0.011016414%,-7.53%,"60,448",00:02:48,2.54,47.70%,
541158,cnu.edu,0.010939690%,38.88%,"55,053",00:02:43,2.73,50.78%,
708160,loyola.edu,0.010926438%,18.24%,"44,328",00:03:56,3.53,44.93%,
302505,jobs.gm.com,0.010891241%,6.79%,"88,608",00:02:52,5.01,47.30%,
371011,neok12.com,0.010859610%,-6.51%,"69,418",00:02:49,2.97,49.07%,
424365,ksde.org,0.010679823%,11.58%,"48,195",00:02:47,2.82,47.91%,
735829,nmu.edu,0.010616303%,39.05%,"36,149",00:03:50,5.89,46.44%,
958526,ewu.edu,0.010537640%,11.11%,"35,417",00:02:55,2.58,50.24%,
773228,up.edu,0.010460288%,16.38%,"44,706",00:02:57,2.72,49.81%,
315464,respondus.com,0.010455379%,-35.60%,"63,827",00:03:31,3.14,23.20%,
1656485,ttuhsc.edu,0.010432381%,15.43%,"22,823",00:03:39,4.16,45.18%,
830906,astate.edu,0.010409893%,-10.84%,"29,741",00:02:47,2.76,43.48%,
710396,bridgew.edu,0.010381405%,19.37%,"30,874",00:02:50,2.64,29.04%,
335302,usmleworld.com,0.010378887%,-20.64%,"56,555",00:03:41,5.20,40.18%,
1380971,teachscape.com,0.010250785%,10.70%,"18,259",00:02:34,2.99,35.38%,
892295,bard.edu,0.010102260%,15.63%,"39,515",00:02:32,2.86,46.07%,
578884,teksystems.com,0.010099098%,2.76%,"47,617",00:02:34,3.57,42.22%,
261287,kindercare.com,0.010066195%,-7.17%,"96,177",00:02:38,2.67,49.61%,
1115542,frostburg.edu,0.010053453%,7.73%,"39,006",00:02:45,2.94,36.76%,
Estimated Visits,campusclarity.com,0.010049591%,-12.05%,94,642,00:09:30,5.62,11.99%,
262221,tickettoread.com,0.010044572%,15.78%,"96,986",00:07:54,4.23,17.76%,
521584,duq.edu,0.010009576%,19.98%,"55,558",00:02:33,3.69,50.33%,
246366,hlww.k12.mn.us,0.009952607%,7.27%,"130,055",00:03:32,2.79,37.80%,
257252,jobsatcu.com,0.009944874%,21.13%,"102,137",00:04:41,5.79,49.96%,
767360,drake.edu,0.009823989%,45.11%,"39,164",00:03:41,3.73,44.60%,
287481,jjc.edu,0.009788992%,12.31%,"97,929",00:03:32,3.18,49.98%,
242078,louisianaworks.net,0.009734716%,-14.87%,"46,801",00:17:51,19.74,4.93%,
1300854,conversationexchange.com,0.009725969%,-4.05%,"21,387",00:04:32,5.92,47.40%,Yes
249836,onforce.com,0.009660440%,23.26%,"95,239",00:07:53,6.69,10.49%,
352169,balfour.com,0.009631221%,19.42%,"63,396",00:02:34,2.67,33.43%,
238534,piedmont.k12.ca.us,0.009533328%,37.49%,"135,154",00:03:44,4.20,40.28%,
2009207,daad.de,0.009493756%,160.40%,"17,030",00:05:31,7.32,29.60%,
244485,shadowshopper.com,0.009491853%,-20.81%,"65,414",00:07:57,5.89,33.72%,
500251,hope.edu,0.009370413%,-6.21%,"51,038",00:02:48,3.25,47.66%,
492382,brockport.edu,0.009365677%,6.91%,"47,450",00:02:48,2.67,47.97%,
886240,liu.edu,0.009338574%,-7.37%,"29,321",00:02:59,4.24,40.70%,
239720,myopenmath.com,0.009198786%,-5.45%,"48,711",00:22:46,24.39,9.67%,
234189,selectstaffing.com,0.009170716%,-3.59%,"79,787",00:09:43,6.88,24.62%,
231813,workplacelikehome.com,0.009148384%,-12.11%,"84,498",00:13:44,7.44,11.58%,
227047,scouttrack.com,0.009104100%,-5.22%,"58,485",00:09:42,15.50,11.26%,
Estimated Visits,kellyservices.us,0.009101994%,-22.16%,102,989,00:01:44,1.97,51.78%,
220635,jobs.mo.gov,0.008949470%,-13.82%,"81,854",00:05:40,5.39,29.75%,
243768,crsd.org,0.008945208%,-7.76%,"90,408",00:02:43,3.48,45.96%,
287741,edcc.edu,0.008925974%,9.12%,"89,899",00:02:36,2.77,45.20%,
609187,hibrain.net,0.008851025%,-5.77%,"38,147",00:03:39,7.71,29.42%,
643977,jobs.gecareers.com,0.008814448%,-7.76%,"41,627",00:02:45,4.24,38.00%,
219491,deltamath.com,0.008675809%,18.43%,"128,492",00:07:31,3.56,15.59%,
464580,wooster.edu,0.008494460%,31.25%,"80,162",00:03:36,2.93,40.79%,
220864,strengthsquest.com,0.008435094%,-23.42%,"29,710",00:11:54,49.28,12.86%,
280585,barry.edu,0.008433563%,2.11%,"83,283",00:02:41,3.16,42.72%,
761116,truman.edu,0.008432075%,9.24%,"32,133",00:02:48,3.11,29.46%,
1475702,kanoon.ir,0.008401027%,12.59%,"20,272",00:09:31,7.70,29.57%,
851712,gonzaga.edu,0.008395980%,23.27%,"40,833",00:02:40,3.07,49.71%,
320828,roosevelt.edu,0.008296574%,11.09%,"73,462",00:03:58,3.51,37.87%,
1016683,drushim.co.il,0.008289069%,15.54%,"26,702",00:06:41,6.07,26.51%,Yes
202911,bradtraverse.com,0.008244305%,17.15%,"119,436",00:06:51,5.72,5.80%,
232771,brainfuse.com,0.008192083%,16.98%,"87,782",00:08:35,5.49,17.55%,
467126,msoe.edu,0.008158451%,16.75%,"66,222",00:03:53,4.99,39.09%,
394813,hacc.edu,0.008100500%,23.92%,"48,659",00:03:46,3.27,45.41%,
738647,careers.un.org,0.008086299%,1.43%,"38,473",00:04:39,5.69,28.08%,
2634603,goethe.de,0.008071458%,5.82%,"10,153",00:03:36,3.77,50.26%,
Estimated Visits,lesley.edu,0.008064506%,7.52%,58,496,00:02:48,2.93,55.99%,
212245,ed2010.com,0.008037539%,9.49%,"130,725",00:02:47,4.07,43.29%,Yes
212978,laborready.com,0.008004073%,31.56%,"124,913",00:03:43,4.00,43.82%,
300499,careers.bloomberg.com,0.007955575%,0.28%,"85,970",00:08:38,6.13,18.43%,
299449,ptcas.org,0.007940848%,9.86%,"59,577",00:03:59,4.07,49.54%,
300736,pvamu.edu,0.007887332%,-9.72%,"61,259",00:02:52,2.74,45.68%,
7704937,ox.ac.uk,0.007866738%,-29.22%,"4,175",00:03:33,3.66,43.84%,
442807,bellevue.edu,0.007849773%,-2.42%,"44,681",00:02:42,2.79,47.78%,
211709,hippocampus.org,0.007842630%,0.85%,"107,281",00:02:45,3.10,39.14%,
196568,connect4education.org,0.007818249%,1.32%,"59,454",00:19:51,39.05,15.91%,
248087,dadsworksheets.com,0.007813901%,-16.24%,"71,447",00:02:38,6.61,26.86%,Yes
319171,rider.edu,0.007801908%,10.04%,"84,359",00:02:53,2.92,48.37%,
195545,osaa.org,0.007799320%,58.51%,"142,468",00:05:44,7.73,19.95%,
206587,xpmath.com,0.007790501%,14.10%,"135,188",00:03:59,3.68,46.49%,Yes
361639,kettering.edu,0.007741477%,73.67%,"105,866",00:02:38,3.20,41.86%,
347865,brandman.edu,0.007740213%,0.35%,"74,957",00:02:53,2.70,50.10%,
503952,ccisd.net,0.007732984%,-9.28%,"39,950",00:02:39,4.72,41.05%,
351741,udallas.edu,0.007721535%,17.18%,"65,405",00:02:57,2.96,49.80%,
492934,bergen.edu,0.007695992%,-17.01%,"39,865",00:02:59,2.92,46.00%,
190488,21things4students.net,0.007677363%,-22.51%,"97,982",00:07:53,4.37,31.19%,
829843,mylanguageexchange.com,0.007643856%,,"27,830",00:05:43,9.22,45.34%,
480376,canyons.edu,0.007642774%,12.90%,"48,479",00:02:54,2.75,40.40%,
191136,nfhslearn.com,0.007631370%,-21.56%,"90,708",00:09:33,5.60,19.54%,
Estimated Visits,mun.ca,0.007631005%,49.73%,12,309,00:01:16,1.74,80.62%,
483775,us.jobs,0.007609470%,-8.99%,"48,442",00:03:56,5.23,48.00%,
664594,verbling.com,0.007592859%,0.48%,"44,475",00:03:42,3.81,40.83%,
201743,onlineaha.org,0.007481349%,-3.00%,"85,024",00:10:57,8.48,21.54%,
624713,mousecity.com,0.007448060%,20.07%,"55,702",00:09:42,3.60,39.42%,Yes
2631795,indeed.ca,0.007446687%,-3.44%,"9,655",00:07:59,5.23,13.71%,Yes
213269,aplusmath.com,0.007364510%,-7.92%,"86,260",00:02:41,4.77,45.03%,Yes
238967,fcusd.org,0.007268930%,11.97%,"97,190",00:02:54,3.71,38.52%,
239974,imsa.com,0.007268258%,10.12%,"92,237",00:03:39,3.30,35.54%,
208189,uiw.edu,0.007140433%,-16.07%,"112,012",00:02:35,2.74,45.22%,
471778,shoreline.edu,0.007137038%,0.08%,"70,094",00:03:34,4.24,46.50%,
284175,juilliard.edu,0.007136010%,4.43%,"84,124",00:02:55,3.57,43.40%,
335350,careers.chevron.com,0.007129577%,1.46%,"80,478",00:02:36,4.55,23.27%,
176095,nysaves.org,0.007128034%,4.59%,"94,814",00:04:56,9.38,11.55%,
184069,netsmartzkids.org,0.007110917%,-12.44%,"91,541",00:07:48,6.00,29.81%,
177353,manhattanjobs.com,0.007098296%,7.64%,"139,701",00:03:41,3.98,16.47%,
416010,usi.edu,0.007060203%,-15.42%,"48,543",00:02:48,2.82,48.62%,
281256,jobs.emc.com,0.007058254%,13.73%,"108,918",00:02:37,3.62,45.02%,
4036773,ucas.com,0.007046571%,50.92%,"5,019",00:03:52,2.93,27.45%,Yes
446461,midwestern.edu,0.007009835%,10.16%,"71,025",00:02:53,3.27,45.24%,
Estimated Visits,localsaver.com,0.007008450%,3.70%,140,173,00:01:48,1.89,62.29%,
259576,mtsd.k12.wi.us,0.006995503%,0.33%,"85,534",00:04:38,3.70,23.58%,
171518,jobsinme.com,0.006904486%,17.47%,"115,108",00:06:35,9.53,32.77%,Yes
258863,cocc.edu,0.006904428%,42.52%,"87,563",00:02:51,2.57,40.92%,
171198,goodfoodjobs.com,0.006853344%,18.97%,"166,230",00:05:31,3.70,26.05%,
173607,careers.staples.com,0.006841867%,-16.88%,"105,843",00:03:32,4.72,13.72%,
203113,nols.edu,0.006792096%,9.92%,"115,877",00:04:57,4.97,32.94%,
971030,career.hm.com,0.006743111%,-11.03%,"21,431",00:06:38,9.13,24.19%,
255340,ccm.edu,0.006733670%,7.13%,"64,028",00:02:44,3.05,37.08%,
287300,cnusd.k12.ca.us,0.006696397%,-2.37%,"87,953",00:02:39,3.30,43.86%,
168236,minnesotaworks.net,0.006679831%,-14.91%,"73,330",00:10:33,16.64,14.11%,
395801,sheboygan.k12.wi.us,0.006672685%,-11.08%,"35,396",00:02:54,4.12,26.20%,
163921,beschool.org,0.006671989%,79.68%,"62,865",00:02:41,37.93,32.65%,
166621,theaet.com,0.006625764%,0.63%,"81,392",00:16:41,16.77,12.64%,
2813343,mcgill.ca,0.006621618%,-15.24%,"8,040",00:02:52,5.52,50.84%,
214463,careers.netapp.com,0.006592897%,-12.93%,"73,649",00:04:56,8.68,34.38%,
565921,une.edu,0.006536711%,0.65%,"36,736",00:02:48,2.99,48.72%,
258260,carthage.edu,0.006525574%,23.04%,"97,742",00:03:59,3.24,44.39%,
160670,berkeleytime.com,0.006525466%,255.88%,"259,320",00:08:45,12.84,9.37%,
159032,ihsaa.org,0.006428184%,96.83%,"207,079",00:03:49,6.33,18.57%,
225266,rmu.edu,0.006400508%,32.77%,"128,348",00:02:44,2.62,42.55%,
192418,naspa.org,0.006336227%,14.40%,"134,128",00:02:47,2.86,50.57%,
Estimated Visits,resumegig.com,0.006335076%,-23.47%,88,870,00:07:36,7.66,39.23%,
250635,smusd.org,0.006331565%,-6.79%,"95,912",00:02:52,3.64,44.01%,
169734,testingmom.com,0.006313052%,11.52%,"99,567",00:06:36,9.13,50.00%,
470238,ahima.org,0.006298026%,-25.73%,"52,199",00:05:37,3.08,40.98%,
168613,eharcourtschool.com,0.006294602%,7.13%,"91,866",00:07:42,17.10,17.91%,
154325,wd7.org,0.006281523%,-44.11%,"126,679",00:02:45,3.47,50.00%,
267114,epals.com,0.006279724%,-6.00%,"63,766",00:07:37,11.48,18.95%,
181382,coursesaver.com,0.006267983%,-4.83%,"105,027",00:07:48,5.41,44.70%,
166909,smsu.edu,0.006141113%,24.13%,"186,416",00:02:54,4.12,43.15%,
235763,eckerd.edu,0.006081882%,50.97%,"116,602",00:04:32,3.80,48.10%,
216360,pcclassesonline.com,0.006075326%,-7.94%,"104,922",00:03:39,3.94,32.91%,
157947,goalbookapp.com,0.006050102%,4.01%,"105,820",00:05:43,9.65,40.93%,
200211,tmcc.edu,0.006024563%,-2.75%,"112,244",00:03:35,4.32,44.87%,
159505,bookadventure.com,0.006024527%,-19.55%,"84,096",00:07:43,10.60,24.29%,
278619,otterbein.edu,0.006008173%,9.30%,"88,854",00:03:49,2.91,37.49%,
859053,unjobs.org,0.006002880%,9.03%,"34,360",00:03:53,4.73,44.60%,Yes
202673,mercy.edu,0.005979515%,-3.41%,"67,392",00:03:52,9.20,40.02%,
222841,coolworks.com,0.005968058%,-0.30%,"108,299",00:04:57,5.02,35.78%,Yes
150956,ukfcu.org,0.005948084%,-6.33%,"123,075",00:04:41,6.20,5.04%,
165006,jsums.edu,0.005927562%,-10.64%,"89,865",00:02:56,2.53,47.54%,
202749,mills.edu,0.005887470%,-1.26%,"103,352",00:02:47,5.62,50.09%,
174929,myngconnect.com,0.005882419%,-2.49%,"113,848",00:05:39,4.68,16.78%,
Estimated Visits,coacht.com,0.005882329%,15.29%,134,552,00:05:25,6.66,25.78%,Yes
151105,mycnajobs.com,0.005878079%,-17.46%,"103,911",00:05:34,5.08,41.81%,
227811,jobs.akamai.com,0.005843829%,28.23%,"118,039",00:02:35,4.30,39.88%,
175996,husd.org,0.005828191%,-19.35%,"102,267",00:02:33,3.95,50.58%,
176647,mathjobs.org,0.005814615%,98.82%,"153,382",00:08:56,10.57,22.05%,
152343,mygradebook.com,0.005751309%,36.41%,"125,680",00:03:42,10.92,14.78%,
287725,wcccd.edu,0.005743414%,-15.85%,"47,747",00:03:48,2.91,37.33%,
140765,moneyskill.org,0.005721034%,117.65%,"232,870",00:07:59,6.19,16.22%,
225551,alvinisd.net,0.005713350%,-9.53%,"96,994",00:02:48,4.74,34.61%,
220045,rochester.k12.mi.us,0.005619568%,-22.34%,"69,770",00:02:35,4.37,38.59%,
281381,clarion.edu,0.005598651%,-8.83%,"71,180",00:02:47,3.65,24.45%,
175688,jobs.visa.com,0.005598149%,8.39%,"118,355",00:03:37,4.73,22.90%,
287146,southwestern.edu,0.005567166%,31.99%,"104,684",00:02:36,3.51,44.99%,
136805,jobs.mt.gov,0.005553845%,20.75%,"140,961",00:07:41,7.83,19.31%,
136755,mdlp.org,0.005550108%,33.64%,"159,087",00:11:44,10.23,8.94%,
143324,collegeofthedesert.edu,0.005503800%,-42.43%,"81,145",00:02:50,2.56,37.81%,
139652,gametimepa.com,0.005500978%,7.54%,"155,126",00:04:39,3.26,48.92%,Yes
374403,joblur.com,0.005497225%,-17.24%,"67,658",00:02:55,2.75,22.18%,
171715,whrhs.org,0.005482394%,42.46%,"164,225",00:02:33,3.23,40.43%,
195798,jobs.americanexpress.com,0.005376293%,9.06%,"76,999",00:06:51,14.14,22.75%,
383939,moody.edu,0.005272734%,32.08%,"57,814",00:03:45,3.96,39.45%,
167140,adams.edu,0.005267244%,1.03%,"138,996",00:03:33,2.72,46.36%,
238250,cityyear.org,0.005222443%,-5.51%,"98,328",00:03:31,3.48,47.08%,
Estimated Visits,kidsmathgamesonline.com,0.005222140%,8.78%,138,265,00:01:31,1.95,65.31%,Yes
201834,albion.edu,0.005216930%,-0.70%,"111,699",00:05:58,3.01,44.50%,
128883,ourumd.com,0.005190041%,64.83%,"222,559",00:04:32,5.51,33.80%,
138708,careereco.com,0.005172229%,-5.02%,"112,576",00:07:55,7.93,33.68%,
173534,csu.edu,0.005159532%,-15.75%,"108,970",00:02:35,2.97,50.24%,
134358,pridestaff.com,0.005140232%,-7.18%,"136,297",00:02:58,4.05,45.59%,
129360,cacareerzone.org,0.005136540%,16.93%,"120,943",00:11:52,13.23,25.83%,
202292,eou.edu,0.005125903%,39.70%,"138,807",00:04:37,3.40,38.17%,
172568,cerego.com,0.005094656%,30.21%,"133,280",00:12:45,13.74,16.79%,
153002,stoughton.k12.wi.us,0.005091780%,-0.85%,"139,332",00:03:47,2.94,43.70%,
130480,careershift.com,0.005065651%,-3.02%,"136,363",00:11:59,7.97,19.22%,
140564,digitalmeasures.com,0.005064041%,-1.22%,"91,632",00:09:39,15.84,18.48%,
133633,buncombe.k12.nc.us,0.005060855%,-18.72%,"130,612",00:02:42,3.33,50.54%,
190367,bcc.edu,0.005057606%,11.53%,"100,807",00:02:53,2.93,46.13%,
124278,livegrades.com,0.005054170%,-18.04%,"114,742",00:04:41,7.67,10.26%,
304324,gacollege411.org,0.005050394%,24.03%,"62,243",00:08:48,10.33,30.77%,
310840,findlay.edu,0.005036387%,-9.00%,"68,944",00:03:42,2.56,49.79%,
122722,todaysclass.com,0.004990670%,13.51%,"83,848",00:29:57,34.71,11.53%,
207773,drury.edu,0.004981319%,0.19%,"97,102",00:02:37,2.92,40.49%,
140689,nthurston.k12.wa.us,0.004970216%,5.66%,"160,755",00:02:48,3.11,43.04%,
357318,ecornell.com,0.004949788%,32.78%,"75,851",00:03:32,3.56,44.27%,
153858,aera.net,0.004934918%,15.96%,"170,367",00:02:33,2.69,47.82%,
169160,do2learn.com,0.004889804%,-1.63%,"108,140",00:02:46,6.19,50.78%,
145731,mathnasium.com,0.004876010%,-6.61%,"159,732",00:02:51,3.30,45.48%,
179435,storybots.com,0.004847281%,50.31%,"134,868",00:06:58,10.33,33.61%,
Estimated Visits,isd300.k12.mn.us,0.004845028%,-40.46%,70,417,00:01:47,2.57,44.17%,
166284,essex.edu,0.004795808%,-16.73%,"74,598",00:03:36,3.22,29.29%,
305643,marymount.edu,0.004745456%,8.12%,"63,247",00:03:59,3.12,43.67%,
127393,goarmyed.com,0.004743948%,-10.78%,"108,358",00:11:41,7.78,26.60%,
128774,lawcrossing.com,0.004677909%,-29.81%,"124,196",00:03:57,4.18,28.86%,
122805,gedforfree.com,0.004665505%,-19.53%,"146,097",00:05:33,4.45,38.05%,Yes
1054609,argosy.edu,0.004647887%,23.10%,"28,787",00:02:59,2.82,44.83%,
461001,duplichecker.com,0.004645518%,15.04%,"69,003",00:03:53,3.29,18.43%,Yes
120258,commonbond.co,0.004643202%,22.19%,"224,785",00:03:46,3.11,43.80%,
124193,scitraining.com,0.004626370%,-6.87%,"151,400",00:04:45,4.86,40.66%,
113284,gradebuddy.com,0.004607616%,26.05%,"218,813",00:04:38,4.89,32.40%,
299563,southeast.edu,0.004584059%,26.26%,"97,517",00:03:46,2.67,45.73%,
405303,gordon.edu,0.004531031%,12.49%,"66,551",00:02:47,3.37,43.03%,
205303,kipp.org,0.004517635%,24.63%,"96,277",00:02:33,3.02,50.32%,
113681,evc.edu,0.004511947%,-23.22%,"159,912",00:03:37,3.39,41.85%,
114187,homechef.com,0.004494744%,70.47%,"256,966",00:02:39,5.67,35.71%,
378804,learnerstv.com,0.004471370%,-0.81%,"68,595",00:03:32,2.84,48.55%,
226908,sage.edu,0.004458057%,11.12%,"101,012",00:02:41,2.99,49.24%,
168971,usalearns.org,0.004432104%,-12.33%,"47,752",00:14:58,35.45,23.77%,Yes
114628,atlanticiaschools.org,0.004420501%,-22.55%,"159,330",00:02:42,4.53,29.23%,
148080,orange.k12.nj.us,0.004414842%,0.92%,"120,798",00:03:40,4.54,46.10%,
128502,headroyce.org,0.004391153%,-7.06%,"164,044",00:05:57,4.22,24.47%,
10310570,104.com.tw,0.004376648%,8.59%,"1,677",00:04:35,5.48,50.23%,
Estimated Visits,hopkinsschools.org,0.004374809%,6.66%,117,573,00:01:33,2.14,54.03%,
181067,gsw.edu,0.004338484%,-16.64%,"125,696",00:02:42,2.54,50.84%,
137060,cvschools.org,0.004311791%,-22.79%,"102,625",00:05:42,8.39,23.93%,
190271,sonlight.com,0.004288700%,-18.31%,"96,862",00:03:42,4.58,46.22%,
177229,lssu.edu,0.004270208%,32.31%,"178,631",00:03:52,3.67,45.46%,
111352,medreps.com,0.004266899%,3.47%,"153,372",00:07:45,8.88,25.16%,
115465,march2success.com,0.004264603%,19.58%,"172,373",00:07:38,5.03,23.76%,
107117,jobsatosu.com,0.004257193%,15.82%,"153,814",00:05:43,9.37,10.72%,
384300,edgewood.edu,0.004238367%,-15.91%,"64,198",00:02:37,2.94,46.99%,
114745,bountyjobs.com,0.004232660%,-25.31%,"149,620",00:05:33,4.56,36.96%,
103446,masscue.org,0.004190011%,84.27%,"354,743",00:02:31,2.65,30.94%,
184334,archchinese.com,0.004174152%,19.73%,"134,540",00:07:59,8.22,36.85%,
581893,englishcentral.com,0.004174131%,-7.14%,"52,389",00:04:49,5.10,47.99%,
157669,questiaschool.com,0.004173940%,28.72%,"131,348",00:09:51,9.45,14.13%,
136398,mmm.edu,0.004168921%,26.12%,"142,216",00:02:53,9.09,30.78%,
224430,rose.edu,0.004157772%,-1.02%,"76,728",00:03:54,3.34,36.46%,
300631,fanatec.com,0.004153172%,33.56%,"85,161",00:03:57,5.70,29.21%,
126804,herricks.org,0.004150392%,24.58%,"184,606",00:03:33,4.31,22.92%,
255163,hfcc.edu,0.004143438%,-18.75%,"68,956",00:03:45,3.00,48.33%,
185155,sbusd.org,0.004132573%,-15.85%,"84,267",00:03:45,2.74,39.54%,
109211,jobs.hasbro.com,0.004121143%,33.01%,"265,255",00:02:36,3.49,47.00%,
105298,cesjds.org,0.004102318%,-18.79%,"167,844",00:03:37,4.49,25.25%,
101184,tutoringzone.com,0.004055342%,1.63%,"239,398",00:03:36,3.12,10.03%,
132412,wlac.edu,0.004048044%,-28.06%,"114,290",00:02:49,3.41,45.98%,
Estimated Visits,pmi.edu,0.004047771%,8.78%,115,596,00:03:45,3.96,43.84%,
100382,jobs.bonsecours.com,0.004043613%,2.95%,"174,671",00:03:38,5.04,42.87%,
324620,mcphs.edu,0.004034292%,25.48%,"72,924",00:03:34,3.54,37.56%,
183912,spelman.edu,0.004014195%,-23.96%,"67,533",00:03:32,3.23,47.20%,
297554,wilkes.edu,0.003985025%,6.03%,"70,649",00:02:44,2.79,44.00%,
636779,eslpod.com,0.003977997%,-41.73%,"44,885",00:03:40,3.46,40.61%,
109128,sjcc.edu,0.003964309%,5.00%,"205,119",00:03:42,3.33,40.66%,
303449,lawrenceville.org,0.003956192%,19.98%,"110,370",00:02:38,3.46,41.32%,
101333,jobs.princeton.edu,0.003955691%,-5.00%,"139,066",00:04:39,7.07,43.40%,
113662,texasteachers.org,0.003955652%,-13.83%,"108,506",00:12:35,16.92,30.12%,
102530,inverhills.edu,0.003948604%,-9.46%,"210,357",00:02:55,2.95,39.99%,
98333,doccafe.com,0.003921979%,5.67%,"181,341",00:03:34,5.73,50.17%,
651052,winwin.co.il,0.003915601%,-26.02%,"40,356",00:04:52,4.20,31.02%,Yes
185801,endicott.edu,0.003897528%,23.40%,"111,686",00:02:55,3.00,43.77%,
95705,learningpoint.org,0.003879250%,-30.77%,"147,158",00:03:44,4.95,15.85%,
158948,unis.org,0.003874268%,-3.57%,"131,559",00:02:38,2.98,21.78%,
192992,oprfhs.org,0.003854150%,-2.83%,"121,648",00:02:51,3.47,43.47%,
101699,doterrauniversity.com,0.003846732%,15.24%,"204,317",00:04:38,4.88,38.93%,
100064,westg.org,0.003840910%,-3.94%,"165,299",00:02:34,4.65,32.49%,
298434,augsburg.edu,0.003822784%,20.27%,"92,433",00:02:49,3.15,45.60%,
94092,mnmsa.org,0.003817292%,65.15%,"235,336",00:05:51,5.43,18.75%,
Estimated Visits,workfolio.com,0.003816940%,,437,619,00:02:18,3.32,59.97%,
120577,txwes.edu,0.003810307%,-6.42%,"123,998",00:04:58,3.45,42.22%,
96632,uhaulhr.com,0.003806291%,-6.92%,"100,090",00:15:43,18.82,19.11%,
95483,psu.jobs,0.003770547%,27.21%,"256,099",00:02:40,3.51,15.59%,
4673467,computrabajo.com.mx,0.003751240%,14.36%,"4,543",00:05:54,6.47,40.44%,Yes
171962,bennington.edu,0.003737617%,5.92%,"146,656",00:02:53,3.02,40.39%,
122136,mssu.edu,0.003736679%,10.11%,"204,916",00:03:51,3.38,49.18%,
91251,engage2learn.org,0.003714307%,90.87%,"311,508",00:12:58,7.41,9.21%,
209721,govst.edu,0.003701500%,-7.12%,"83,042",00:03:58,3.19,36.30%,
263872,netsko.net,0.003692975%,,"3,150,200",00:04:43,5.09,9.80%,
255942,myohsaa.org,0.003671456%,-6.50%,"131,705",00:05:38,6.12,27.54%,
103076,ncnm.edu,0.003646288%,45.63%,"242,702",00:03:49,3.53,42.32%,
93660,portnet.k12.ny.us,0.003644274%,24.04%,"199,569",00:02:35,2.87,50.81%,
88795,hsasa.org,0.003606331%,,"493,690",00:06:44,11.63,17.45%,
91452,jobs.ncsu.edu,0.003593611%,-19.89%,"156,701",00:04:32,6.41,45.03%,
207902,sxu.edu,0.003583797%,12.19%,"146,388",00:02:56,2.81,40.83%,
162705,susqu.edu,0.003556325%,25.85%,"159,051",00:03:33,4.19,48.21%,
87013,hsnature.org,0.003541901%,-7.46%,"182,616",00:06:31,9.24,11.94%,
88145,jobsinminneapolis.com,0.003525442%,-5.54%,"179,832",00:05:42,7.04,48.76%,
102961,dctc.edu,0.003522179%,28.46%,"255,568",00:02:45,4.12,46.40%,
97651,castilleja.org,0.003510142%,-18.70%,"189,889",00:03:55,3.39,24.62%,
146004,portage.k12.wi.us,0.003485004%,19.10%,"144,550",00:03:54,3.01,33.33%,
Estimated Visits,ignatius.edu,0.003484334%,-7.16%,236,989,00:02:03,2.01,43.82%,
161236,olentangy.k12.oh.us,0.003481531%,4.26%,"158,339",00:02:39,2.61,47.93%,
85481,myinfinitec.org,0.003479643%,-36.21%,"117,202",00:10:41,7.34,21.87%,
484587,flvc.org,0.003475889%,0.82%,"62,412",00:02:38,3.55,47.73%,
6201714,manchester.ac.uk,0.003425797%,-28.31%,"4,341",00:02:38,4.01,45.86%,
229304,etown.edu,0.003421395%,15.67%,"121,650",00:02:38,2.87,45.36%,
86244,rxprep.com,0.003416461%,,"210,402",00:08:39,5.23,11.48%,
92717,nshss.org,0.003412768%,-16.05%,"165,760",00:02:56,3.75,48.08%,
159690,otis.edu,0.003411894%,-19.19%,"103,258",00:03:46,3.44,44.36%,
117973,assessment.com,0.003406490%,-13.90%,"81,654",00:11:44,24.43,18.94%,
128055,delbarton.org,0.003405943%,46.66%,"250,143",00:05:59,2.54,35.81%,
100431,sjaweb.org,0.003396392%,-22.31%,"204,053",00:04:39,3.99,40.29%,
86093,learningupgrade.com,0.003383691%,3.30%,"282,096",00:05:42,3.18,47.43%,
90632,stylecareers.com,0.003379748%,0.74%,"159,078",00:06:34,10.61,22.02%,
106766,tssaa.org,0.003377898%,87.79%,"225,333",00:03:38,3.90,34.22%,
97997,lths.net,0.003370904%,2.82%,"194,130",00:02:57,5.06,39.76%,
101263,1plus1plus1equals1.com,0.003352827%,-26.18%,"185,627",00:05:46,3.77,33.96%,Yes
98778,fairmont.k12.mn.us,0.003350652%,-29.66%,"149,321",00:04:32,10.33,14.29%,
108240,bmes.org,0.003341912%,16.62%,"225,900",00:02:40,3.09,43.86%,
84845,fdtc.edu,0.003334048%,-9.56%,"192,511",00:03:51,2.86,30.54%,
138992,pps.k12.pa.us,0.003333785%,44.26%,"162,345",00:02:59,2.52,43.84%,
82601,definedstem.com,0.003321647%,-7.97%,"195,551",00:12:56,6.17,26.17%,
142258,bend.k12.or.us,0.003318923%,-24.66%,"100,604",00:02:50,3.77,36.79%,
85956,accuplacer.org,0.003313637%,-31.67%,"108,757",00:08:46,17.78,27.31%,
81641,schedule2drive.com,0.003288323%,-9.67%,"157,122",00:05:57,11.79,16.96%,
146829,ciis.edu,0.003288178%,26.14%,"180,760",00:03:42,4.39,46.60%,
84065,powerpak.com,0.003277074%,-4.31%,"155,440",00:14:38,13.30,21.54%,Yes
Estimated Visits,selah.k12.wa.us,0.003276238%,4.72%,285,082,00:01:49,1.78,68.68%,
93558,patten.edu,0.003261148%,-22.39%,"144,315",00:07:37,10.90,27.19%,
95242,earobics.com,0.003249967%,-34.64%,"149,431",00:03:41,4.26,42.18%,
91409,empire.edu,0.003237704%,-7.27%,"216,366",00:02:40,3.29,41.03%,
80790,gsfc.org,0.003231527%,14.46%,"249,304",00:02:46,3.65,42.77%,
91982,fiaf.org,0.003231464%,-12.85%,"208,496",00:02:35,2.74,48.76%,
317347,careers.roche.com,0.003206597%,-8.47%,"69,378",00:04:41,7.30,25.27%,
129851,oasd.k12.wi.us,0.003202974%,-39.31%,"121,255",00:02:40,3.01,35.56%,
145551,gccisd.net,0.003189042%,-14.32%,"96,549",00:03:53,2.67,35.51%,
96763,vtc.edu,0.003167105%,-28.40%,"190,971",00:02:49,2.78,48.45%,
81023,sujobopps.com,0.003154224%,10.46%,"178,609",00:05:35,8.26,24.62%,
201125,maryville.edu,0.003150936%,-0.23%,"110,161",00:02:58,2.51,49.34%,
102074,tangischools.org,0.003142816%,2.76%,"188,957",00:02:43,2.90,49.34%,
93558,homewiththekids.com,0.003141646%,0.60%,"205,190",00:03:48,3.81,40.82%,Yes
101627,simsbury.k12.ct.us,0.003120744%,0.52%,"162,070",00:02:51,4.61,39.59%,
99698,bigiqkids.com,0.003110655%,-16.72%,"155,759",00:04:39,7.95,40.74%,Yes
94165,mathusee.com,0.003109812%,-35.35%,"127,626",00:03:43,4.73,39.36%,
78836,teacherstestprep.com,0.003109793%,4.95%,"177,364",00:11:54,14.21,28.38%,
128478,twc.edu,0.003106335%,41.41%,"199,526",00:02:57,3.11,43.89%,
93149,hffmcsd.org,0.003085859%,58.62%,"196,211",00:05:39,5.59,26.75%,
77608,careers.bonton.com,0.003081764%,51.43%,"370,373",00:02:43,3.91,44.55%,
82659,onesourceuniversity.com,0.003068429%,19.90%,"158,536",00:19:56,25.25,13.95%,
79890,lingtlanguage.com,0.003054052%,-7.18%,"223,368",00:06:32,3.84,20.41%,
Estimated Visits,studyusa.com,0.003053151%,8.89%,132,395,00:01:26,1.48,72.32%,
85041,jobs.intuit.com,0.003043442%,-3.89%,"246,056",00:02:43,3.61,26.54%,
107561,careers.nvidia.com,0.003038857%,-2.80%,"141,057",00:02:48,8.08,39.49%,
6648968,lectio.dk,0.003014650%,59.14%,"4,368",00:06:50,5.75,9.38%,
178507,guilford.edu,0.003004978%,-7.77%,"102,139",00:02:48,4.39,50.59%,
461970,cuesta.edu,0.002980144%,-0.65%,"48,349",00:02:43,2.89,44.73%,
78534,gocitybus.com,0.002979975%,2.00%,"186,766",00:02:57,3.47,22.95%,
73808,okjobmatch.com,0.002979048%,7.67%,"207,260",00:05:44,5.44,24.66%,
126092,rsu.edu,0.002977481%,-16.96%,"180,305",00:02:54,3.60,48.50%,
86198,laniertech.edu,0.002977403%,-11.78%,"191,548",00:03:35,2.90,47.81%,
419033,lingq.com,0.002962877%,-32.18%,"60,438",00:05:58,4.20,50.57%,Yes
77033,schoola.com,0.002961586%,38.07%,"209,980",00:06:47,14.17,43.64%,
81602,lee.k12.nc.us,0.002932816%,48.84%,"272,132",00:02:51,3.11,43.07%,
71760,cobblestoneonline.net,0.002917253%,,"907,807",00:06:49,8.25,12.46%,
171491,alma.edu,0.002916580%,3.76%,"132,195",00:02:58,3.46,32.17%,
71655,essextech.org,0.002911482%,45.43%,"321,114",00:07:56,4.53,21.34%,
266487,careers.bpglobal.com,0.002908230%,-4.09%,"77,883",00:09:54,13.12,15.28%,
750550,iknow.jp,0.002906622%,-18.99%,"50,975",00:07:46,5.03,42.28%,
85437,careers.mckesson.com,0.002895215%,-16.67%,"186,451",00:04:56,4.65,37.35%,
80853,boomwriter.com,0.002884926%,45.97%,"216,219",00:06:37,9.07,36.45%,
84245,cisabroad.com,0.002878131%,26.52%,"252,017",00:05:58,6.52,23.27%,
146581,lcsc.edu,0.002873978%,-4.76%,"108,010",00:03:39,5.77,48.74%,
71340,njschooljobs.com,0.002873412%,-25.53%,"219,288",00:02:38,4.55,7.87%,Yes
104274,albright.edu,0.002857674%,-12.75%,"183,565",00:02:44,2.72,42.94%,
121771,ptisd.org,0.002835538%,20.03%,"103,516",00:02:38,2.59,40.19%,
69904,mycaliforniapermit.com,0.002832752%,-23.57%,"150,083",00:14:36,12.97,28.35%,
Estimated Visits,eslfast.com,0.002832092%,-6.55%,70,514,00:05:45,5.13,28.03%,Yes
137067,doane.edu,0.002801724%,-1.10%,"108,485",00:02:54,3.07,48.58%,
85545,lessonpix.com,0.002794003%,20.68%,"201,066",00:04:54,9.05,43.30%,
69693,jobs.unt.edu,0.002787942%,63.02%,"269,589",00:03:48,9.07,3.53%,
82627,amuze.com,0.002783247%,10.36%,"251,863",00:02:43,4.36,44.64%,
68556,bbiuniversity.com,0.002779243%,-6.64%,"149,825",00:22:31,23.77,3.24%,
174350,trine.edu,0.002772510%,6.72%,"119,513",00:02:35,3.00,46.42%,
161850,lynn.edu,0.002768706%,22.24%,"137,429",00:04:33,2.81,42.06%,
89019,irlen.com,0.002767736%,,"338,773",00:03:43,5.35,38.18%,
69216,salesheads.com,0.002749656%,-27.99%,"216,818",00:02:52,3.09,37.88%,
68067,hamilton.k12.nj.us,0.002731101%,-12.51%,"212,934",00:02:40,4.54,36.17%,
160290,molloy.edu,0.002714485%,-0.56%,"161,226",00:02:35,3.53,45.30%,
74964,careers.generalmills.com,0.002710041%,-26.80%,"211,982",00:02:43,3.93,35.41%,
82573,cornish.edu,0.002700955%,-3.59%,"158,693",00:03:32,4.81,43.22%,
303779,pba.edu,0.002680602%,-4.19%,"74,377",00:03:49,3.45,49.08%,
78293,snelling.com,0.002678872%,-0.35%,"265,325",00:03:44,3.51,48.12%,
66789,schoolpay.com,0.002674285%,-18.61%,"178,581",00:07:41,8.17,20.40%,
170912,lvc.edu,0.002669162%,-6.23%,"118,810",00:02:54,2.74,49.35%,
123812,cmcss.net,0.002651657%,-17.02%,"127,598",00:02:48,3.19,38.97%,
65538,nsujobs.com,0.002642252%,7.62%,"222,462",00:03:37,8.95,3.85%,
119177,hhh.k12.ny.us,0.002642246%,-7.30%,"159,121",00:03:53,3.35,22.30%,
66515,gwu.jobs,0.002639595%,-17.39%,"180,717",00:03:55,6.47,43.33%,
152882,careers.mozilla.org,0.002637487%,9.84%,"165,746",00:02:56,4.54,24.95%,
65848,jobs.usnh.edu,0.002636306%,35.78%,"355,032",00:02:55,6.90,45.88%,
68048,abac.edu,0.002607792%,6.29%,"295,956",00:03:52,3.20,36.95%,
Estimated Visits,thon.org,0.002607715%,49.90%,241,593,00:02:16,2.32,55.76%,
90103,careers.juniper.net,0.002592881%,11.27%,"232,994",00:03:58,5.58,28.97%,
99940,aacr.org,0.002588759%,50.26%,"283,662",00:02:36,3.02,43.51%,
65916,haverford.k12.pa.us,0.002578940%,-5.68%,"256,002",00:02:41,3.97,46.48%,
69100,manufacturingworkers.com,0.002570935%,-31.37%,"209,257",00:03:56,3.19,18.22%,
113708,desiopt.com,0.002561873%,-21.83%,"148,573",00:05:35,6.17,45.82%,
68703,legacy-game.net,0.002537713%,89.81%,"167,460",00:20:39,33.36,11.34%,
61777,link4learning.com,0.002514872%,-4.22%,"213,774",00:03:36,6.17,14.81%,
95911,husson.edu,0.002483716%,12.13%,"180,013",00:02:59,2.90,41.33%,
75015,aiaonline.org,0.002478902%,32.33%,"323,564",00:02:48,2.59,44.74%,Yes
512909,reliaslearning.com,0.002477974%,11.60%,"31,090",00:04:46,3.76,46.78%,
197521,mcad.edu,0.002467151%,-5.30%,"104,008",00:03:32,3.83,48.75%,
118803,ianimate.net,0.002466967%,-22.79%,"145,569",00:02:57,2.82,19.31%,
105434,vcom.edu,0.002458372%,60.21%,"300,904",00:02:57,2.88,49.74%,
61043,uhsaa.org,0.002450198%,,"474,396",00:03:34,3.63,22.70%,Yes
147344,keller.edu,0.002450060%,30.70%,"197,929",00:02:35,2.70,47.66%,
130132,lcisd.org,0.002443187%,-6.34%,"165,374",00:02:35,2.91,31.95%,
260546,jlpt.jp,0.002430792%,-29.11%,"64,879",00:03:33,2.84,33.54%,
63118,childtime.com,0.002421159%,6.17%,"330,494",00:02:40,3.35,37.68%,
63774,opschools.org,0.002417816%,14.70%,"284,167",00:03:53,4.11,31.03%,
60010,careers.amnh.org,0.002400595%,20.07%,"264,458",00:05:44,10.48,28.81%,
98969,unity.edu,0.002396527%,6.05%,"236,381",00:03:37,2.66,34.78%,
Estimated Visits,judsonu.edu,0.002396518%,49.34%,193,362,00:02:17,2.04,52.27%,
71568,sussex.edu,0.002392506%,-6.39%,"227,890",00:02:56,3.39,44.15%,
59057,jobstoday.org,0.002378023%,-9.17%,"309,294",00:05:36,3.08,41.78%,
137706,hannibal.k12.mo.us,0.002374094%,-29.24%,"63,943",00:14:48,66.75,21.74%,
59247,jobs.xcelenergy.com,0.002366681%,35.64%,"419,518",00:03:41,4.75,37.86%,
58614,hsalaredo.org,0.002364374%,39.33%,"384,613",00:02:43,4.26,30.36%,
59470,skillsusa.org,0.002364273%,0.11%,"307,914",00:02:54,2.97,40.54%,
58526,calabasashigh.net,0.002341091%,6.62%,"334,549",00:03:56,3.68,38.88%,
109114,dalton.org,0.002333880%,6.45%,"202,151",00:02:43,4.64,40.63%,
120404,kyvl.org,0.002331191%,,"146,194",00:02:52,2.89,42.87%,
57582,jobsinnh.com,0.002329571%,-3.52%,"214,550",00:06:47,12.72,29.80%,Yes
58461,cccregistry.org,0.002328609%,21.52%,"262,170",00:04:44,7.37,20.66%,
78569,amda.edu,0.002307266%,,"300,471",00:06:41,4.74,28.65%,
60577,bigbrainz.com,0.002294205%,19.60%,"302,498",00:04:31,4.91,31.93%,
56903,vocabjourney.com,0.002290314%,-0.47%,"388,146",00:06:48,2.54,24.26%,
57668,magcustomerservice.com,0.002290040%,-2.87%,"211,626",00:04:39,12.99,9.41%,
60358,ber.org,0.002257371%,15.29%,"340,882",00:02:43,4.37,41.55%,
57194,ohiouniversityjobs.com,0.002255070%,18.46%,"294,408",00:06:41,6.98,35.44%,
114140,communityisd.org,0.002251975%,-31.47%,"171,241",00:04:40,2.74,31.14%,
143646,salve.edu,0.002250037%,30.94%,"196,188",00:02:41,2.88,45.30%,
55585,jobs.ucmerced.edu,0.002247085%,34.83%,"292,602",00:05:41,7.56,30.70%,
65839,spanish4teachers.org,0.002245512%,-6.32%,"263,130",00:03:34,3.42,37.03%,Yes
73462,concorde.edu,0.002245295%,-9.95%,"263,007",00:04:39,5.05,45.76%,
90503,tech.cornell.edu,0.002238742%,4.25%,"217,572",00:02:47,2.87,50.45%,
Estimated Visits,rjuhsd.us,0.002237725%,0.79%,77,314,00:02:22,1.04,20.00%,
139836,peertransfer.com,0.002237567%,-51.66%,"92,406",00:04:57,3.64,49.22%,
57729,rcsd.k12.ca.us,0.002237494%,-19.35%,"313,735",00:02:48,2.94,43.83%,
56200,bcssa.us,0.002232066%,11.62%,"250,343",00:06:47,6.21,39.10%,
65078,teachboost.com,0.002231483%,6.94%,"166,673",00:14:48,14.76,15.10%,
54939,nyscate.org,0.002229146%,70.36%,"559,074",00:04:49,4.25,39.04%,
90139,curtis.edu,0.002217449%,19.48%,"237,358",00:02:39,4.16,37.36%,
173017,rmcad.edu,0.002214709%,-4.29%,"110,164",00:03:42,2.83,44.22%,
155956,roomtoread.org,0.002200856%,-19.38%,"139,442",00:03:53,5.86,41.18%,
136453,mpc.edu,0.002195470%,-27.83%,"87,010",00:02:48,3.07,43.44%,
57629,airlineapps.com,0.002183280%,-7.81%,"197,467",00:07:51,14.72,28.93%,
69193,ssdcougars.org,0.002174061%,-21.19%,"149,680",00:02:55,23.80,34.37%,
3761613,uva.nl,0.002172110%,28.89%,"8,105",00:02:44,3.53,43.47%,
74615,charteroak.edu,0.002171931%,4.49%,"265,337",00:03:41,3.22,34.08%,
57901,athens.edu,0.002167483%,-10.60%,"303,443",00:02:50,2.83,42.98%,
140560,kizphonics.com,0.002155642%,5.53%,"150,418",00:03:51,4.56,35.71%,
53455,e2campus.net,0.002153324%,-38.71%,"190,172",00:07:44,7.78,15.03%,
53023,firstnetcampus.com,0.002151375%,-1.73%,"263,984",00:09:53,9.10,10.82%,
55631,spartanstaffing.com,0.002139140%,-21.28%,"302,723",00:03:38,3.84,33.75%,
107940,troy30c.org,0.002138100%,-0.42%,"197,827",00:03:57,2.68,37.05%,
56828,learnspeed.com,0.002124972%,30.86%,"460,105",00:08:43,6.19,6.25%,
1961843,city.ac.uk,0.002124846%,-11.40%,"18,014",00:03:53,4.23,47.76%,
59675,cpuschools.org,0.002122789%,18.07%,"454,979",00:03:34,3.18,24.07%,
56049,careers.regeneron.com,0.002118607%,6.47%,"382,327",00:02:53,3.65,48.31%,
53602,hampedia.org,0.002114348%,,"577,513",00:02:49,3.10,41.60%,
87888,kcprofessional.com,0.002107968%,40.58%,"289,266",00:02:32,2.95,50.61%,
Estimated Visits,pronuncian.com,0.002107587%,2.87%,209,741,00:02:53,2.23,65.22%,Yes
51595,vcat.us,0.002100275%,4.93%,"225,360",00:16:54,19.29,4.50%,
80856,toytheater.com,0.002096889%,16.64%,"234,582",00:07:48,5.79,39.95%,Yes
74988,noteswap.com,0.002096141%,,"271,337",00:06:48,13.56,2.33%,Yes
313350,centre.edu,0.002086681%,-3.47%,"103,987",00:03:56,3.48,47.63%,
431822,lander.edu,0.002070735%,-3.20%,"85,504",00:02:32,2.99,44.44%,
66336,festus.k12.mo.us,0.002067721%,,"1,166,605",00:03:38,4.45,28.09%,
8841403,infojobs.net,0.002066992%,6.92%,"1,459",00:07:53,8.90,38.73%,Yes
4566036,freshersworld.com,0.002060343%,-43.57%,"5,094",00:04:54,3.26,46.69%,Yes
50578,hnhsoakland.org,0.002058960%,-14.41%,"292,418",00:03:38,4.14,29.79%,
63097,aerospace.org,0.002058610%,8.28%,"294,244",00:03:34,4.62,47.44%,
52212,fordhamu.org,0.002054912%,,"725,943",00:07:59,4.03,25.73%,
54598,abp.org,0.002051889%,14.36%,"241,935",00:04:44,9.49,40.55%,
97098,awana.org,0.002047753%,-33.82%,"120,231",00:03:42,4.36,40.52%,
53770,music.fsu.edu,0.002039274%,8.20%,"455,484",00:03:55,3.09,46.98%,
50701,mischooldata.org,0.002037091%,21.74%,"398,268",00:05:54,6.27,33.55%,
51726,careers.swe.org,0.002036076%,,"811,491",00:12:38,12.75,11.84%,Yes
61773,examedge.com,0.002034890%,8.36%,"166,003",00:22:38,27.54,9.56%,
114668,mitty.com,0.002029776%,23.65%,"268,832",00:02:50,3.39,49.68%,
94322,nmhschool.org,0.002026841%,4.06%,"207,298",00:02:49,3.70,39.48%,
50469,vhsl.org,0.002022612%,35.52%,"512,436",00:02:35,3.23,40.22%,
Estimated Visits,rcsdk8.org,0.002022061%,7.30%,366,466,00:02:53,3.85,41.47%,
111580,comphealth.com,0.002021456%,7.03%,"199,672",00:04:52,4.04,42.36%,
56038,carrotsticks.com,0.002019603%,9.05%,"355,914",00:04:38,4.37,33.53%,
55795,bush.edu,0.002018535%,,"446,711",00:03:59,5.32,10.18%,
51740,cilc.org,0.002005945%,40.62%,"329,147",00:03:48,6.51,38.87%,Yes
54478,spfk12.org,0.002005805%,2.77%,"334,542",00:02:34,3.52,32.68%,
62139,cusd50.org,0.001995863%,-24.07%,"57,035",00:08:56,230.48,22.22%,
48984,teleparent.net,0.001994128%,,"488,213",00:09:42,12.41,18.52%,
1670980,workabroad.ph,0.001993420%,-29.99%,"10,173",00:06:59,5.70,45.88%,Yes
50639,guidanceresources.com,0.001984200%,26.19%,"370,699",00:07:50,4.56,31.65%,
49193,madison.k12.ct.us,0.001982207%,-28.70%,"285,020",00:02:37,4.10,31.35%,
57519,citizenschools.org,0.001975265%,-17.23%,"273,305",00:02:34,3.53,41.94%,
62996,hauppauge.k12.ny.us,0.001974343%,,"394,972",00:04:56,3.80,25.31%,
128872,betterchinese.com,0.001967691%,-5.20%,"125,959",00:04:40,3.79,48.47%,
57650,ecmc.org,0.001962168%,-11.38%,"237,957",00:03:32,5.61,40.15%,
206472,gmc.cc.ga.us,0.001960661%,-20.88%,"90,576",00:04:38,4.30,36.38%,
48446,millshigh.org,0.001960044%,44.13%,"580,950",00:03:44,3.28,14.00%,
57839,hcstonline.org,0.001959825%,,"361,151",00:02:55,4.05,33.22%,
47929,yacs.me,0.001944065%,,"1,606,068",00:04:52,24.53,24.85%,
48557,homeschoolclassifieds.com,0.001942335%,-19.97%,"265,932",00:04:51,5.63,25.00%,
1025512,rarejob.com,0.001941719%,-24.79%,"27,380",00:03:53,6.67,22.22%,
49030,ejury.com,0.001915390%,22.08%,"437,713",00:03:32,3.24,27.59%,
63040,abcusd.k12.ca.us,0.001912073%,12.70%,"360,197",00:06:48,7.62,34.06%,
56174,rvrhs.com,0.001905049%,0.27%,"274,475",00:04:38,7.39,48.67%,
Estimated Visits,educationdegree.com,0.001904878%,26.96%,493,669,00:02:08,1.92,58.71%,Yes
56537,edusoft.com,0.001900264%,-15.01%,"177,340",00:09:58,21.70,17.44%,
51651,lruhs.org,0.001897059%,-0.89%,"152,102",00:09:57,9.44,36.11%,
47879,gaswork.com,0.001896394%,9.26%,"311,255",00:05:47,8.20,20.30%,
161987,herzing.edu,0.001895567%,12.83%,"130,841",00:05:53,3.63,30.96%,
47185,jobs.ilstu.edu,0.001894891%,-1.68%,"254,670",00:05:55,10.04,0.00%,
47417,jobs.losrios.edu,0.001894450%,-22.39%,"228,582",00:03:45,10.94,2.31%,
49429,dibels.org,0.001888591%,-30.14%,"267,010",00:06:38,5.08,44.10%,
46318,learnedness.net,0.001885711%,,"452,976",00:05:31,5.31,5.79%,
78792,mcpss.com,0.001885214%,-23.47%,"158,327",00:03:45,3.14,33.09%,
2241156,seek.co.nz,0.001883455%,6.24%,"11,236",00:06:37,7.25,39.21%,Yes
78958,studyspace.net,0.001883031%,,"207,299",00:07:48,9.30,16.22%,
75239,econjobmarket.org,0.001881849%,,"331,366",00:04:42,5.36,32.85%,
47416,iesa.org,0.001880955%,20.60%,"345,825",00:05:49,8.73,31.96%,
75557,menlo.edu,0.001875960%,10.02%,"296,194",00:02:37,3.04,43.34%,
50504,eclass4learning.com,0.001866350%,-66.42%,"111,789",00:03:56,6.89,21.25%,
46961,jobs.aarp.org,0.001864774%,19.48%,"391,880",00:05:45,3.73,26.55%,Yes
45943,examlogin.com,0.001862559%,-25.60%,"220,271",00:12:35,11.13,9.80%,
48911,jobs.mit.edu,0.001859057%,39.23%,"346,024",00:04:31,8.26,10.55%,
50694,barcharts.com,0.001858405%,14.82%,"304,655",00:05:35,8.10,41.09%,
49405,kinkaid.org,0.001850436%,15.09%,"465,292",00:02:37,2.68,38.48%,
3136619,sscnr.net.in,0.001841493%,,"34,670",00:06:41,5.54,20.40%,
45577,tapweb.org,0.001841239%,-30.53%,"173,926",00:10:44,12.30,17.21%,
45672,hca.jobs,0.001840792%,29.60%,"327,318",00:04:34,9.98,9.37%,
476275,englishteststore.net,0.001838445%,-3.85%,"54,155",00:03:58,3.63,42.82%,Yes
84617,vwc.edu,0.001837501%,-14.85%,"305,984",00:05:56,2.81,49.84%,
53008,d102.org,0.001834198%,-19.75%,"299,811",00:02:40,3.22,44.71%,
45151,schoolstore.net,0.001832741%,-26.30%,"238,409",00:11:37,7.51,4.79%,
59817,nyssa.org,0.001829327%,25.15%,"336,901",00:03:33,5.78,40.53%,
45023,atrackonline.com,0.001827744%,,"450,920",00:06:54,7.61,9.16%,
117307,everyoneon.org,0.001827408%,-21.32%,"134,723",00:03:37,5.89,35.38%,
Estimated Visits,fenwickfriars.com,0.001827323%,-28.37%,284,760,00:02:40,2.88,39.17%,
78944,d64.org,0.001826855%,-24.48%,"191,156",00:03:46,3.43,39.49%,
59330,lrei.org,0.001815866%,,"356,202",00:02:34,2.75,46.07%,
59435,worwic.edu,0.001813145%,-18.95%,"202,425",00:03:31,2.91,32.26%,
58788,phonydiploma.com,0.001811281%,,"174,027",00:02:35,31.71,45.68%,
62520,kwiklearning.com,0.001809683%,-72.00%,"114,979",00:03:45,3.11,35.59%,
44659,oakdale.k12.ca.us,0.001808535%,,"461,946",00:03:59,5.37,15.85%,
144576,sra.com,0.001801060%,,"141,408",00:02:32,3.39,25.09%,
60210,tempositions.com,0.001800932%,,"266,187",00:04:55,6.89,21.29%,
146793,kmlhs.org,0.001799823%,28.12%,"184,434",00:02:53,2.67,30.16%,
106818,elmira.edu,0.001793026%,31.88%,"159,725",00:02:31,3.76,49.62%,
45228,jobs.kent.edu,0.001792839%,8.07%,"268,122",00:06:37,15.66,0.00%,
343651,elempleo.co.cr,0.001787607%,-23.57%,"38,366",00:06:32,12.83,18.37%,
66512,viewpoint.org,0.001785300%,-4.48%,"280,984",00:02:55,4.70,18.54%,
103375,jobthread.com,0.001775236%,-17.11%,"232,824",00:05:38,5.23,10.87%,
47103,acuho-i.org,0.001770058%,,"477,580",00:06:32,12.39,29.48%,
44872,jobs.okstate.edu,0.001753607%,,"348,410",00:04:37,9.69,7.39%,
44692,vhstigers.org,0.001749243%,-5.75%,"389,462",00:04:46,3.66,48.21%,
76063,spalding.k12.ga.us,0.001744280%,6.12%,"239,152",00:02:55,3.27,31.96%,
80087,adler.edu,0.001742913%,-11.49%,"196,195",00:02:52,2.66,47.12%,
288992,xplace.com,0.001737951%,,"104,259",00:05:42,6.01,43.47%,
43856,tapseries.com,0.001733011%,-12.72%,"320,250",00:04:39,4.86,23.03%,
44834,njit.jobs,0.001730357%,-28.44%,"194,405",00:03:45,14.21,1.92%,
Estimated Visits,xzbu.com,0.001730297%,,282,742,00:00:36,1.11,89.65%,
47677,jvs.org,0.001729010%,,"530,329",00:05:50,7.97,46.23%,
48785,careers.randomhouse.com,0.001724365%,21.45%,"499,120",00:03:41,2.77,32.97%,
228214,isic.org,0.001723426%,8.55%,"115,597",00:02:50,2.71,31.63%,
51397,berlitz.us,0.001716360%,14.06%,"389,054",00:02:39,4.15,38.14%,
73711,rework.jobs,0.001714261%,30.62%,"349,581",00:02:59,3.95,27.75%,
42207,debtoredu.com,0.001699024%,,"350,398",00:07:39,7.19,21.51%,
43559,shp.org,0.001686729%,8.76%,"375,887",00:03:33,3.36,20.21%,
41759,parentsquare.com,0.001677574%,,"643,352",00:05:50,4.27,35.90%,
43982,trcstaffing.com,0.001676171%,-32.60%,"184,669",00:02:43,3.33,45.10%,
44500,ctcl.org,0.001675061%,0.45%,"361,567",00:04:48,5.55,30.72%,
49616,activityhero.com,0.001674995%,-9.49%,"368,184",00:02:54,3.21,41.86%,
123299,westfieldnjk12.org,0.001670105%,-25.83%,"136,425",00:04:46,4.46,26.89%,
52925,stevenshenager.edu,0.001668874%,,"515,267",00:03:50,3.46,45.28%,
43920,tewksbury.k12.ma.us,0.001668483%,-22.98%,"277,981",00:02:59,4.66,27.31%,
129342,nyack.edu,0.001663982%,16.08%,"169,580",00:03:46,5.04,35.87%,
174570,kgi.edu,0.001663971%,16.88%,"177,493",00:02:33,2.80,50.62%,
42010,d23.org,0.001663760%,,"786,832",00:02:47,2.80,37.53%,
51685,alexander.k12.nc.us,0.001652909%,,"598,132",00:04:39,3.19,48.71%,
99031,bloomfield.edu,0.001646951%,2.02%,"220,404",00:03:31,3.31,28.17%,
Estimated Visits,newstudyhall.org,0.001646846%,2.53%,371,242,00:05:12,3.78,40.58%,Yes
60447,gwd50.org,0.001640026%,-24.24%,"278,233",00:03:40,2.97,47.28%,
41162,researchmatch.org,0.001638635%,-35.24%,"328,618",00:02:58,2.87,34.51%,
40271,jobs.villanova.edu,0.001637280%,0.61%,"348,967",00:04:37,7.68,29.94%,
40146,hsaeuless.org,0.001634497%,,"574,674",00:03:38,4.48,31.34%,
50415,greensboro.edu,0.001627564%,-12.44%,"270,578",00:02:53,3.39,49.44%,
62218,careers.informatica.com,0.001626593%,11.33%,"300,919",00:02:57,4.49,42.59%,
45833,mvsu.edu,0.001625325%,-38.84%,"214,229",00:03:40,3.24,38.60%,
39905,campusparc.com,0.001624709%,-27.00%,"339,153",00:04:52,3.67,37.08%,
82755,pingry.org,0.001624127%,6.32%,"270,502",00:02:32,4.25,37.93%,
41461,georgiaoas.org,0.001623693%,,"313,752",00:06:53,8.88,28.58%,
45836,jobs.uark.edu,0.001622841%,6.43%,"327,289",00:05:37,9.44,21.62%,
49817,wethersfield.k12.ct.us,0.001622711%,-19.92%,"235,986",00:03:56,3.14,36.20%,
40355,wvssac.org,0.001618141%,6.29%,"313,276",00:04:47,7.00,26.42%,
49772,startupers.com,0.001617279%,13.49%,"445,309",00:02:45,3.74,43.62%,
45449,jsc.edu,0.001614524%,-5.86%,"397,184",00:04:57,3.58,46.50%,
41630,mccnh.edu,0.001613854%,-25.65%,"306,816",00:03:45,3.24,29.96%,
39611,safe2drive.com,0.001610833%,-24.49%,"220,981",00:21:54,19.08,30.46%,
5124902,computrabajo.com.co,0.001609829%,-25.88%,"3,284",00:07:48,5.11,34.48%,Yes
864508,pu.edu.pk,0.001605137%,-49.36%,"18,491",00:02:53,2.71,44.12%,
64338,cumberland.edu,0.001603145%,-18.20%,"188,497",00:04:42,3.57,47.46%,
Estimated Visits,pstaffing.com,0.001602956%,2.70%,544,195,00:02:01,2.14,47.12%,
6965201,indeed.fr,0.001599864%,-18.63%,"4,054",00:03:34,3.33,42.03%,Yes
42923,jobs.fgcu.edu,0.001590152%,-13.67%,"269,926",00:07:56,10.37,0.00%,
39014,bmtisd.com,0.001588365%,17.79%,"493,284",00:06:31,5.68,36.40%,
39330,gaetc.org,0.001584470%,,"632,886",00:03:49,3.56,23.35%,
182022,humanatic.com,0.001579183%,-18.39%,"50,041",00:14:37,16.34,18.25%,
60929,richdadeducation.com,0.001578796%,-8.72%,"286,711",00:03:45,3.70,34.99%,
66714,iss.edu,0.001577172%,,"356,600",00:08:46,5.73,28.99%,
40831,campustours.com,0.001569760%,,"646,727",00:06:53,6.47,14.29%,Yes
133430,dliflc.edu,0.001563909%,,"152,798",00:02:55,3.49,32.59%,
39344,asvabprogram.com,0.001556967%,,"532,346",00:05:47,6.66,47.22%,
1134858,ie.edu,0.001547601%,2.24%,"31,035",00:02:39,2.76,49.13%,
39058,jobs.seattleu.edu,0.001538609%,14.92%,"445,330",00:03:41,5.54,42.58%,
44510,bizkids.com,0.001532665%,,"651,731",00:04:41,5.62,49.67%,
58023,sheridan.edu,0.001527921%,-20.21%,"279,242",00:02:31,3.15,37.66%,
38696,jjktrainingportal.com,0.001526262%,-1.08%,"225,166",00:16:55,16.46,15.15%,
Estimated Visits,manitowocpublicschools.org,0.001526154%,-46.50%,172,926,00:02:02,1.25,69.07%,
91235,dc.edu,0.001522552%,-7.60%,"144,285",00:02:39,2.74,38.70%,
48333,appitic.com,0.001518636%,,"483,859",00:02:38,3.67,43.54%,
422195,mof.sy,0.001514913%,,"109,126",00:06:56,5.57,24.88%,
189059,jobs.echinacities.com,0.001509406%,5.05%,"60,232",00:08:59,6.51,32.59%,
39506,barron.k12.wi.us,0.001508304%,5.22%,"456,327",00:02:42,2.77,24.51%,
46175,sloan.org,0.001503956%,-14.50%,"372,572",00:02:34,4.50,39.37%,
2137248,miriadax.net,0.001500352%,,"15,243",00:10:59,8.49,43.75%,
39221,hamstudy.org,0.001494746%,9.15%,"457,257",00:03:43,3.44,33.47%,
82723,shorttask.com,0.001486775%,7.25%,"205,978",00:04:34,8.18,26.76%,
91927,mnu.edu,0.001486772%,,"215,132",00:02:43,2.68,45.77%,
61796,sewickley.org,0.001485244%,,"358,765",00:03:31,3.03,48.74%,
37068,sthildas.org,0.001483429%,,"464,792",00:04:53,4.60,14.11%,
38642,jobs.ufl.edu,0.001478326%,-8.03%,"285,132",00:04:46,4.11,34.26%,
37746,eureka.org,0.001477226%,,"274,646",00:10:59,14.86,15.19%,
36406,kelolandemployment.com,0.001476973%,-2.66%,"300,048",00:08:37,11.02,19.43%,Yes
36362,barronsregents.com,0.001469372%,,"506,709",00:20:39,24.82,14.29%,
55364,jobs.sequoiacap.com,0.001463704%,8.08%,"390,580",00:03:47,5.53,42.97%,
37959,exploravision.org,0.001460392%,,"470,149",00:06:39,4.56,29.75%,
122468,learningchocolate.com,0.001457302%,4.92%,"163,136",00:09:32,6.96,29.87%,Yes
91671,da.org,0.001446500%,-11.81%,"228,516",00:04:31,5.50,34.39%,
69592,dewey.info,0.001443263%,-16.18%,"267,081",00:04:47,6.95,40.28%,
284723,huayuworld.org,0.001441359%,,"86,252",00:05:46,3.82,32.71%,
67205,pilothiring.com,0.001438983%,,"273,377",00:03:58,8.70,26.00%,
Estimated Visits,aimsedu.org,0.001438409%,,307,250,00:09:05,6.25,45.99%,
36671,smdep.org,0.001428779%,,"706,338",00:04:46,3.96,30.00%,
55777,lirn.net,0.001421480%,-16.46%,"218,609",00:05:47,2.61,29.68%,
127997,erin.ne.jp,0.001418495%,,"145,636",00:05:51,7.89,31.35%,
132309,hutchcc.edu,0.001409589%,-3.90%,"109,478",00:03:53,2.72,40.27%,
35475,collegiateacb.com,0.001407246%,-63.12%,"162,440",00:02:57,5.12,27.01%,
663546,aldaba.com,0.001403789%,-31.68%,"39,188",00:16:36,9.16,12.78%,Yes
34855,bcconline.com,0.001402714%,-4.73%,"541,441",00:05:47,3.56,26.35%,
79357,cecil.edu,0.001401633%,,"252,011",00:03:39,4.46,43.37%,
34755,ecybermission.com,0.001396569%,,"773,136",00:04:56,7.38,24.54%,
53616,globaluniversity.edu,0.001396498%,-16.80%,"267,015",00:07:50,6.50,34.17%,
35278,dc37.net,0.001385212%,-8.07%,"405,124",00:03:54,4.22,33.33%,
40811,centrelearn.com,0.001383089%,-8.90%,"314,055",00:09:41,12.72,16.63%,
138944,careers.macquarie.com,0.001382641%,,"233,760",00:02:34,4.00,35.97%,
77461,pnwu.edu,0.001379911%,,"474,278",00:03:51,3.38,28.44%,
48829,spongelab.com,0.001374253%,-6.06%,"307,202",00:04:47,6.30,47.26%,
33703,jobsthatserve.com,0.001372229%,,"415,112",00:04:47,8.04,11.83%,
2304921,nts.org.pk,0.001371103%,-0.05%,"16,006",00:03:40,4.06,34.82%,Yes
34535,cfgbusinessaccess.com,0.001368677%,-4.99%,"423,035",00:02:56,5.66,9.64%,
53466,jobgabon.com,0.001366600%,-34.18%,"226,379",00:09:37,6.09,24.18%,
117612,vermontlaw.edu,0.001366042%,-10.93%,"164,111",00:02:47,2.87,49.33%,
35721,jobs.usu.edu,0.001362420%,-28.10%,"297,219",00:06:34,13.13,12.00%,
8076272,kariyer.net,0.001362131%,-57.68%,"2,375",00:08:49,4.67,34.77%,
Estimated Visits,101bestandbrightest.com,0.001361967%,-7.57%,551,028,00:01:00,1.39,60.07%,
33410,jaxjobs.com,0.001357492%,,"395,641",00:04:37,5.15,39.76%,Yes
34579,icc.coop,0.001357235%,,"1,026,855",00:06:49,9.18,20.15%,
76113,piedmont.edu,0.001355788%,,"196,444",00:03:44,3.23,37.88%,
883499,gestiondocumental.gob.ec,0.001347575%,-27.81%,"28,630",00:10:59,8.79,8.36%,
40658,jobs.careers.org,0.001345689%,,"506,545",00:02:46,4.18,47.79%,Yes
94214,cairn.edu,0.001345209%,-6.62%,"200,354",00:06:41,4.38,28.54%,
277399,escapethecity.org,0.001340719%,-15.05%,"67,657",00:03:49,5.70,36.99%,
34012,nykidsclub.com,0.001340273%,,"497,403",00:02:56,5.09,17.56%,
39107,sumday.com,0.001339335%,,"521,610",00:02:51,4.13,32.08%,
39243,roadtripnation.org,0.001334953%,-9.56%,"237,540",00:05:44,10.61,31.25%,
38829,pencol.edu,0.001332219%,-1.80%,"414,266",00:04:32,2.67,43.39%,
1767279,opcionempleo.com.mx,0.001324932%,-9.09%,"17,807",00:04:42,2.71,49.52%,Yes
45685,crteacher2.com,0.001319527%,,"348,315",00:11:32,15.37,7.20%,
70979,bryan.edu,0.001319091%,-26.29%,"137,278",00:02:40,2.74,44.12%,
